description,image_ref,price
Crib,drive_file_1EI-zPCWfMOYlbc9isEaY5OxWs1OKrAfV.pdf_p1_img0_377319,100.0
Play yard,drive_file_1EI-zPCWfMOYlbc9isEaY5OxWs1OKrAfV.pdf_p2_img0_3f4b53,30.0
Graco baby bouncer,,50.0
Foldable table,,70.0
Round table,drive_file_1EI-zPCWfMOYlbc9isEaY5OxWs1OKrAfV.pdf_p5_img1_2b6139,50.0
Desk/Table,drive_file_1EI-zPCWfMOYlbc9isEaY5OxWs1OKrAfV.pdf_p6_img0_bb99f3,50.0
Changing Table,drive_file_1EI-zPCWfMOYlbc9isEaY5OxWs1OKrAfV.pdf_p8_img0_01fa7a,50.0
Rack,drive_file_1EI-zPCWfMOYlbc9isEaY5OxWs1OKrAfV.pdf_p9_img0_ec70b6,5.0
Himalayan Salt Lamp,drive_file_1EI-zPCWfMOYlbc9isEaY5OxWs1OKrAfV.pdf_p10_img0_b86a50,5.0
Teapot,,10.0
Stroller Yoyo 2,,200.0
Cybex aton B i-size,drive_file_1EI-zPCWfMOYlbc9isEaY5OxWs1OKrAfV.pdf_p13_img0_182d9e,150.0
Adapters for stroller and car seat,drive_file_1EI-zPCWfMOYlbc9isEaY5OxWs1OKrAfV.pdf_p13_img1_d7a011,50.0
Magimix,drive_file_1EI-zPCWfMOYlbc9isEaY5OxWs1OKrAfV.pdf_p14_img0_b02904,200.0
Portable AC - fits to windows,drive_file_1EI-zPCWfMOYlbc9isEaY5OxWs1OKrAfV.pdf_p15_img0_6ee146,220.0
Toddler chair,drive_file_1EI-zPCWfMOYlbc9isEaY5OxWs1OKrAfV.pdf_p16_img0_70feef,35.0
Cubby,drive_file_1EI-zPCWfMOYlbc9isEaY5OxWs1OKrAfV.pdf_p17_img0_be00b9,80.0
Item,,35.0
Drawers,drive_file_1EI-zPCWfMOYlbc9isEaY5OxWs1OKrAfV.pdf_p19_img0_4e7d1d,30.0
Plastic storage 4 drawers,drive_file_1EI-zPCWfMOYlbc9isEaY5OxWs1OKrAfV.pdf_p21_img0_6eb7ac,5.0
Shelf,drive_file_1EI-zPCWfMOYlbc9isEaY5OxWs1OKrAfV.pdf_p22_img0_240f8a,35.0
Mirror,drive_file_1EI-zPCWfMOYlbc9isEaY5OxWs1OKrAfV.pdf_p24_img0_060ce8,10.0
Mirors new/unopened,drive_file_1EI-zPCWfMOYlbc9isEaY5OxWs1OKrAfV.pdf_p25_img0_5a3714,10.0
Bike trailer,drive_file_1EI-zPCWfMOYlbc9isEaY5OxWs1OKrAfV.pdf_p26_img1_51936e,100.0
Computer support/ Score or book stand,drive_file_1EI-zPCWfMOYlbc9isEaY5OxWs1OKrAfV.pdf_p27_img0_5334d8,15.0
Foldable Beach chair,drive_file_1EI-zPCWfMOYlbc9isEaY5OxWs1OKrAfV.pdf_p28_img0_8d2de5,10.0
Bike seat,,20.0
19.7 inch,,20.0
Dell P2720D,drive_file_1EI-zPCWfMOYlbc9isEaY5OxWs1OKrAfV.pdf_p31_img0_6ce9cd,250.0
HP W2371D,drive_file_1EI-zPCWfMOYlbc9isEaY5OxWs1OKrAfV.pdf_p32_img0_7c3657,90.0
basket,drive_file_1EI-zPCWfMOYlbc9isEaY5OxWs1OKrAfV.pdf_p33_img0_6d0236,5.0
Duffel,drive_file_1EI-zPCWfMOYlbc9isEaY5OxWs1OKrAfV.pdf_p34_img0_384589,30.0
Coffee grinder,drive_file_1EI-zPCWfMOYlbc9isEaY5OxWs1OKrAfV.pdf_p38_img0_0da4b1,25.0
French press,drive_file_1EI-zPCWfMOYlbc9isEaY5OxWs1OKrAfV.pdf_p39_img0_95b2db,20.0
Tennis racket,drive_file_1EI-zPCWfMOYlbc9isEaY5OxWs1OKrAfV.pdf_p40_img0_ba6b15,35.0
unknown item,,10.0
Stand,drive_file_1EI-zPCWfMOYlbc9isEaY5OxWs1OKrAfV.pdf_p44_img0_5aac76,10.0
Stool,drive_file_1EI-zPCWfMOYlbc9isEaY5OxWs1OKrAfV.pdf_p45_img0_fc6c82,10.0
Adjustable Rack coats,drive_file_1EI-zPCWfMOYlbc9isEaY5OxWs1OKrAfV.pdf_p46_img0_0dd7f5,10.0
Music stand,drive_file_1EI-zPCWfMOYlbc9isEaY5OxWs1OKrAfV.pdf_p48_img0_c46892,10.0
Desk lamps,drive_file_1EI-zPCWfMOYlbc9isEaY5OxWs1OKrAfV.pdf_p49_img0_3a5907,10.0
Lamps,drive_file_1EI-zPCWfMOYlbc9isEaY5OxWs1OKrAfV.pdf_p50_img0_3a8806,25.0
Desk + chair,drive_file_1EI-zPCWfMOYlbc9isEaY5OxWs1OKrAfV.pdf_p51_img0_604869,80.0
2 chairs,drive_file_1EI-zPCWfMOYlbc9isEaY5OxWs1OKrAfV.pdf_p52_img0_4d14dc,20.0
Tag game,drive_file_1EI-zPCWfMOYlbc9isEaY5OxWs1OKrAfV.pdf_p53_img0_56837f,10.0
Kid ice Skates,drive_file_1EI-zPCWfMOYlbc9isEaY5OxWs1OKrAfV.pdf_p54_img0_c4fec9,15.0
Bauer hockey skates,drive_file_1EI-zPCWfMOYlbc9isEaY5OxWs1OKrAfV.pdf_p55_img0_84ad70,15.0
TV stand,drive_file_1EI-zPCWfMOYlbc9isEaY5OxWs1OKrAfV.pdf_p56_img0_7f7bc5,30.0
Bunk bed,drive_file_1EI-zPCWfMOYlbc9isEaY5OxWs1OKrAfV.pdf_p57_img0_7fc078,100.0
Bed stand,drive_file_1EI-zPCWfMOYlbc9isEaY5OxWs1OKrAfV.pdf_p58_img0_43a1c5,8.0
Essential Oil diffuser,drive_file_1EI-zPCWfMOYlbc9isEaY5OxWs1OKrAfV.pdf_p59_img0_f75666,10.0
Printer,drive_file_1EI-zPCWfMOYlbc9isEaY5OxWs1OKrAfV.pdf_p60_img0_a96a5a,200.0
Printer,drive_file_1EI-zPCWfMOYlbc9isEaY5OxWs1OKrAfV.pdf_p60_img0_a96a5a,80.0
Youth 13 Soccer shoes,drive_file_1EI-zPCWfMOYlbc9isEaY5OxWs1OKrAfV.pdf_p61_img0_8ec52c,10.0
Rice cooker,drive_file_1EI-zPCWfMOYlbc9isEaY5OxWs1OKrAfV.pdf_p62_img0_647c66,20.0
unknown product,,5.0
Bread machine,drive_file_1EI-zPCWfMOYlbc9isEaY5OxWs1OKrAfV.pdf_p65_img0_840a82,20.0
Dispenser,drive_file_1EI-zPCWfMOYlbc9isEaY5OxWs1OKrAfV.pdf_p66_img0_c53b34,5.0
Sleigh,drive_file_1EI-zPCWfMOYlbc9isEaY5OxWs1OKrAfV.pdf_p67_img0_834edf,5.0
West&Elm reclaimed wood media console,00000008-PHOTO-2025-07-03-15-23-21.jpg,75.0
full size bedframe,,100.0
IKEA ÄSPERÖD coffee table,,25.0
coffee table,,50.0
Coffee table with storage,,50.0
Lift Top Extendable Coffee Table With Storage,,50.0
"studio in East Cambridge - Kendall with private bathroom, separate entrance, off-street parking, newly renovated, ensuite bathroom, individual control of heat and central AC, in-house washer and dryer, small garden for outdoor dining",,2200.0
"full size bedframe (frame only, not mattress)",,100.0
Lamp,,25.0
Couch,00000122-PHOTO-2025-07-22-15-43-22.jpg,190.0
Coffee Table with Storage,,40.0
"Bed Frame, adjustable machine, pillows, mattress",,750.0
New York hotel reservation for Labor Day weekend,,1040.0
room available in a 6bed/2bath apartment,,945.0
2 Double rooms in New Yorker Hotel,,1040.0
room available for lease,,945.0
New York hotel reservation for Labor Day weekend with two double rooms,,1040.0
Desk and chair set,,65.0
Tall lamp,,10.0
TCL TV,,50.0
Large vacuum cleaner,,20.0
Stool,,5.0
Yoga mat,,10.0
Kitchen or storage cabinet,,15.0
Complete dishware set,,30.0
Microwave,,25.0
Coffee maker,,8.0
Small compost bin,,10.0
Laundry hamper,00000195-PHOTO-2025-07-27-21-34-13.jpg,5.0
Slim multipurpose IKEA shelf,00000191-PHOTO-2025-07-27-21-34-09.jpg,10.0
Set of cutlery (used for one year),,10.0
Set of containers in various sizes,,10.0
Set of strainers,,5.0
Medium palm basket,00000195-PHOTO-2025-07-27-21-34-13.jpg,15.0
Desk + chair,00000176-PHOTO-2025-07-27-21-33-47.jpg,65.0
Set of cutlery,,10.0
1BR apartment in Marina 1 block from the water,,2300
Alaska Airline credit,,150
Alaska Airline credit,,175.0
two extra tickets to the Jonas brother concert at Fenway,,176.0
"2 tickets for Santiago Cruz at the Boston City Winery, Aug 16th, 8:30 pm",,45.0
4 tickets to the Hiatus Kaiyote concert at the Brooklyn Paramount this Friday,,45.0
2 tickets for Santiago Cruz at the Boston City Winery,,45.0
Ryder cup+ Friday ticket,,200.0
"men's bike Used Kona Dew Plus. Includes integrated front and rear fenders/mudflaps, front and rear safety lights, headlight, bell, bottle holder, kickstand, u-bolt lock, helmet, reflective markings. New bottom bracket/bearing just installed. Summer tires but I managed to use them all winter without any issues.",,450.0
some furniture and a window ac unit,,350.0
4 tickets to the Hiatus Kaiyote concert at the Brooklyn Paramount this Friday,,176.0
two extra tickets to the Jonas brother concert at Fenway august 23rd,,176.0
Desk,00000356-PHOTO-2025-08-21-12-53-44.jpg,50.0
Canada Goose gift card,,120.0
"FURNISHED ROOM FOR RENT in a 3-bedroom, 2-bathroom apartment",,1267.0
nespresso machine,,50.0
Revlon hair dryer with diffuser extension,00000439-PHOTO-2025-08-26-21-37-51.jpg,20.0
steamer,00000441-PHOTO-2025-08-26-21-37-53.jpg,20.0
11 piece magic bullet blender,00000440-PHOTO-2025-08-26-21-37-52.jpg,25.0
Revlon : Hair dryer with diffuser extension,00000439-PHOTO-2025-08-26-21-37-51.jpg,20.0
$190 in store credit to Cambridge Bicycle on Mass Ave,,150.0
"window AC 15,000 BTU",,200.0
45 hangers and door coat rack,,15.0
adult bike,,200.0
queen bed frame and box spring,,200
"a window AC 15,000 BTU bought",,200.0
an adult bike,,200.0
two tickets,,45.0
Chest of drawers and bed side tables,,350.0
Chest of drawers,,275.0
bed side tables,,75.0
snowboard,00000677-PHOTO-2025-09-07-15-15-08.jpg,50.0
snowboard 🏂,00000677-PHOTO-2025-09-07-15-15-08.jpg,50.0
"thick, foldable mattress",00000691-PHOTO-2025-09-08-16-55-12.jpg,50.0
lightly used pro bluetooth keyboard,,60.0
Thermomix TM6,,1000.0
pro bluetooth keyboard,,60.0
full sized mattress,,100.0
japan c-fx ticket,,12.0
2x more CFX tickets,,12.0
Ikea 6 drawer dresser - barely used - like new,,180.0
Ikea 6 drawer dresser - barely used - like new.,,180.0
2 humidifiers.,,20.0
2 tickets to Lawrence in providence tonight.,,45.0
a Hamilton ticket for $40 tonight!,,40.0
humidifiers,00000862-PHOTO-2025-10-08-08-43-48.jpg,20.0
tickets to Lawrence in providence,,45.0
item,,30.0
Rarely used item,,30.0
"Peloton Bike+, 48” Samsung TV + TV stand, Small dining table + stools, Coffee table, Plates and bowls",,800.0
"Small dining table + stools, Plates & bowls, Rice cooker, Clothes drying rack, Boxing gloves, Set of resistance bands, TI-89 graphing calculator",,125.0
Peloton Bike+,,800.0
48” Samsung TV + TV stand,,100.0
Small dining table + stools,,125.0
Coffee table,,40.0
Plates and bowls,,10.0
Rice cooker,,10.0
Clothes drying rack,,5.0
Boxing gloves,,10.0
Set of resistance bands,,10.0
TI-89 graphing calculator,,40.0
Launchkey Mini 37 White,,80.0
Launchkey Mini 37 White bought last month,,80.0
Amazon gift card,,150.0
Launchkey Mini 37 White bought last month for half the price,,80.0
2 Burna Boy concert tickets in Boston on December 3rd,,150.0
x2 Tickets @ the Boston F1 Arcade for the Formula 1 Race next Sunday (Mexican Grand Prix Watch Party),,250.0
keyboard,,30.0
"keyboard, used for 2 months, perfect condition",,30.0
"2 bed / 2 bath apartment (~1,000 sq ft) available for rent in Inman Square",,3100.0
a cute one bedroom/loft apartment in Cambridge,,700.0
"2 bed / 2 bath apartment (~1,000 sq ft) available for rent in Inman Square (Cambridge) starting January 1st, 2026. Top floor unit (3rd floor), off-street parking, in-unit washer and dryer, dish washer, recently updated oven & refrigerator, central air, outdoor porch, and basement storage.",,3100.0
"on-campus studio apartment at MIT during the winter break. Private studio, fully furnished, with kitchen, bathroom, and Wi-Fi",,2489.0
"Rudsak long puffer, size S",,599.0
"Rudsak long puffer, size S, brand new, never worn, but fits a bit bigger than the measurements suggested",,599.0
HidrateSpark PRO 2 Smart Water Bottle,,60.0
"Rudsak long puffer, size S, brand new, never worn, but fits a bit bigger than the measurements suggested (more like an S/M)",,599.0
"HidrateSpark PRO 2 Smart Water Bottle, never used, cool idea for Christmas gifts",,60.0
1 ski fx ticket,,5.0
